subset,mol_id,smiles,num_atoms,source_file
test,ALA-ASN-GLN-GLN-VAL,[O:1]=[C:10]([N:23]([C:36]([C:14](=[O:5])[N:24]([C:37]([C:15](=[O:6])[N:25]([C:38]([C:16](=[O:7])[N:26]([C:39]([C:17](=[O:8])[N:27]([C:40]([C:18](=[O:9])[N:22]([C:29]([H:59])([H:60])[H:61])[H:50])([C:43]([C:31]([H:65])([H:66])[H:67])([C:32]([H:68])([H:69])[H:70])[H:86])[H:81])[H:55])([C:42]([C:35]([C:13](=[O:4])[N:21]([H:48])[H:49])([H:75])[H:76])([H:84])[H:85])[H:80])[H:54])([C:41]([C:34]([C:12](=[O:3])[N:20]([H:46])[H:47])([H:73])[H:74])([H:82])[H:83])[H:79])[H:53])([C:33]([C:11](=[O:2])[N:19]([H:44])[H:45])([H:71])[H:72])[H:78])[H:52])([C:30]([H:62])([H:63])[H:64])[H:77])[H:51])[C:28]([H:56])([H:57])[H:58],86,test-dataset.hdf5
test,ALA-GLN-ALA-GLN-CYS,[O:1]=[C:10]([N:21]([C:33]([C:13](=[O:4])[N:24]([C:36]([C:16](=[O:7])[N:22]([C:34]([C:14](=[O:5])[N:25]([C:37]([C:17](=[O:8])[N:23]([C:35]([C:15](=[O:6])[N:20]([C:27]([H:54])([H:55])[H:56])[H:45])([C:30]([S:9][H:40])([H:63])[H:64])[H:71])[H:48])([C:39]([C:32]([C:12](=[O:3])[N:19]([H:43])[H:44])([H:67])[H:68])([H:76])[H:77])[H:73])[H:50])([C:29]([H:60])([H:61])[H:62])[H:70])[H:47])([C:38]([C:31]([C:11](=[O:2])[N:18]([H:41])[H:42])([H:65])[H:66])([H:74])[H:75])[H:72])[H:49])([C:28]([H:57])([H:58])[H:59])[H:69])[H:46])[C:26]([H:51])([H:52])[H:53],77,test-dataset.hdf5
test,ALA-GLY-ILE-SER-THR,[O:1]=[C:9]([N:17]([C:29]([C:11](=[O:3])[N:16]([C:23]([C:10](=[O:2])[N:20]([C:32]([C:14](=[O:6])[N:18]([C:30]([C:12](=[O:4])[N:19]([C:31]([C:13](=[O:5])[N:15]([C:22]([H:47])([H:48])[H:49])[H:38])([C:34]([O:8][H:37])([C:26]([H:58])([H:59])[H:60])[H:72])[H:68])[H:42])([C:28]([O:7][H:36])([H:64])[H:65])[H:67])[H:41])([C:35]([C:27]([H:61])([H:62])[H:63])([C:33]([C:25]([H:55])([H:56])[H:57])([H:70])[H:71])[H:73])[H:69])[H:43])([H:50])[H:51])[H:39])([C:24]([H:52])([H:53])[H:54])[H:66])[H:40])[C:21]([H:44])([H:45])[H:46],73,test-dataset.hdf5
test,ALA-PRO-ILE-TRP-SER,[O:1]=[C:8]([N:24]([C:37]([C:9](=[O:2])[N:27]1[C:36]([H:77])([H:78])[C:42]([H:84])([H:85])[C:43]([H:86])([H:87])[C:40]1([C:12](=[O:5])[N:28]([C:41]([C:13](=[O:6])[N:26]([C:39]([C:11](=[O:4])[N:25]([C:38]([C:10](=[O:3])[N:23]([C:30]([H:61])([H:62])[H:63])[H:53])([C:34]([O:7][H:46])([H:73])[H:74])[H:80])[H:55])([C:35]([C:15]1=[C:14]([H:47])[N:22]([H:52])[c:21]2[c:19]([H:51])[c:17]([H:49])[c:16]([H:48])[c:18]([H:50])[c:20]21)([H:75])[H:76])[H:81])[H:56])([C:45]([C:33]([H:70])([H:71])[H:72])([C:44]([C:32]([H:67])([H:68])[H:69])([H:88])[H:89])[H:90])[H:83])[H:57])[H:82])([C:31]([H:64])([H:65])[H:66])[H:79])[H:54])[C:29]([H:58])([H:59])[H:60],90,test-dataset.hdf5
test,ALA-SER-VAL-HIS-ASP,[O:1]=[C:11]([N:23]([C:36]([C:13](=[O:3])[N:24]([C:37]([C:14](=[O:4])[N:27]([C:40]([C:17](=[O:7])[N:26]([C:39]([C:16](=[O:6])[N:25]([C:38]([C:15](=[O:5])[N:22]([C:29]([H:55])([H:56])[H:57])[H:46])([C:34]([C:12](=[O:2])[O-:8])([H:69])[H:70])[H:75])[H:49])([C:35]([C:20]1=[C:19]([H:44])[N:9]=[C:18]([H:43])[N:21]1[H:45])([H:71])[H:72])[H:76])[H:50])([C:41]([C:31]([H:61])([H:62])[H:63])([C:32]([H:64])([H:65])[H:66])[H:78])[H:77])[H:51])([C:33]([O:10][H:42])([H:67])[H:68])[H:74])[H:48])([C:30]([H:58])([H:59])[H:60])[H:73])[H:47])[C:28]([H:52])([H:53])[H:54],78,test-dataset.hdf5
test,ALA-THR-LEU-ASN-TYR,[O:1]=[C:10]([N:25]([C:38]([C:12](=[O:3])[N:29]([C:42]([C:16](=[O:7])[N:28]([C:41]([C:15](=[O:6])[N:26]([C:39]([C:13](=[O:4])[N:27]([C:40]([C:14](=[O:5])[N:24]([C:31]([H:63])([H:64])[H:65])[H:54])([C:37]([c:22]1[c:19]([H:50])[c:17]([H:48])[c:21]([O:8][H:46])[c:18]([H:49])[c:20]1[H:51])([H:80])[H:81])[H:84])[H:57])([C:36]([C:11](=[O:2])[N:23]([H:52])[H:53])([H:78])[H:79])[H:83])[H:56])([C:43]([C:45]([C:34]([H:72])([H:73])[H:74])([C:35]([H:75])([H:76])[H:77])[H:90])([H:87])[H:88])[H:85])[H:58])([C:44]([O:9][H:47])([C:33]([H:69])([H:70])[H:71])[H:89])[H:86])[H:59])([C:32]([H:66])([H:67])[H:68])[H:82])[H:55])[C:30]([H:60])([H:61])[H:62],90,test-dataset.hdf5
test,ARG-ALA-TRP-PRO-ILE,[O:1]=[C:7]([N:28]([C:42]([C:10](=[O:4])[N:26]([C:40]([C:8](=[O:2])[N:27]([C:41]([C:9](=[O:3])[N:29]1[C:39]([H:86])([H:87])[C:46]([H:95])([H:96])[C:48]([H:99])([H:100])[C:43]1([C:11](=[O:5])[N:30]([C:44]([C:12](=[O:6])[N:24]([C:33]([H:70])([H:71])[H:72])[H:59])([C:50]([C:36]([H:79])([H:80])[H:81])([C:49]([C:35]([H:76])([H:77])[H:78])([H:101])[H:102])[H:103])[H:92])[H:64])[H:91])([C:37]([C:14]1=[C:13]([H:51])[N:23]([H:58])[c:21]2[c:19]([H:55])[c:17]([H:53])[c:16]([H:52])[c:18]([H:54])[c:20]21)([H:82])[H:83])[H:89])[H:62])([C:34]([H:73])([H:74])[H:75])[H:88])[H:61])([C:47]([C:45]([C:38]([N:25]([C:15]([N:22]([H:56])[H:57])=[N+:31]([H:65])[H:66])[H:60])([H:84])[H:85])([H:93])[H:94])([H:97])[H:98])[H:90])[H:63])[C:32]([H:67])([H:68])[H:69],103,test-dataset.hdf5
test,ARG-ALA-VAL-THR-GLU,[O:1]=[C:10]([N:23]([C:37]([C:14](=[O:5])[N:21]([C:35]([C:12](=[O:3])[N:25]([C:39]([C:16](=[O:7])[N:24]([C:38]([C:15](=[O:6])[N:22]([C:36]([C:13](=[O:4])[N:19]([C:28]([H:60])([H:61])[H:62])[H:48])([C:40]([C:33]([C:11](=[O:2])[O-:8])([H:75])[H:76])([H:84])[H:85])[H:80])[H:51])([C:43]([O:9][H:45])([C:30]([H:66])([H:67])[H:68])[H:90])[H:82])[H:53])([C:44]([C:31]([H:69])([H:70])[H:71])([C:32]([H:72])([H:73])[H:74])[H:91])[H:83])[H:54])([C:29]([H:63])([H:64])[H:65])[H:79])[H:50])([C:42]([C:41]([C:34]([N:20]([C:17]([N:18]([H:46])[H:47])=[N+:26]([H:55])[H:56])[H:49])([H:77])[H:78])([H:86])[H:87])([H:88])[H:89])[H:81])[H:52])[C:27]([H:57])([H:58])[H:59],91,test-dataset.hdf5
test,ARG-CYS-ILE-TRP-GLU,[O:1]=[C:10]([N:33]([C:47]([C:15](=[O:6])[N:30]([C:44]([C:12](=[O:3])[N:34]([C:48]([C:16](=[O:7])[N:31]([C:45]([C:13](=[O:4])[N:32]([C:46]([C:14](=[O:5])[N:28]([C:37]([H:75])([H:76])[H:77])[H:63])([C:49]([C:42]([C:11](=[O:2])[O-:8])([H:88])[H:89])([H:97])[H:98])[H:94])[H:67])([C:41]([C:18]1=[C:17]([H:55])[N:27]([H:62])[c:25]2[c:23]([H:59])[c:21]([H:57])[c:20]([H:56])[c:22]([H:58])[c:24]21)([H:86])[H:87])[H:93])[H:66])([C:53]([C:39]([H:81])([H:82])[H:83])([C:52]([C:38]([H:78])([H:79])[H:80])([H:103])[H:104])[H:105])[H:96])[H:69])([C:40]([S:9][H:54])([H:84])[H:85])[H:92])[H:65])([C:51]([C:50]([C:43]([N:29]([C:19]([N:26]([H:60])[H:61])=[N+:35]([H:70])[H:71])[H:64])([H:90])[H:91])([H:99])[H:100])([H:101])[H:102])[H:95])[H:68])[C:36]([H:72])([H:73])[H:74],105,test-dataset.hdf5
test,ARG-MET-PHE-ASP-TYR,[O:1]=[C:11]([N:38]([C:52]([C:17](=[O:7])[N:37]([C:51]([C:16](=[O:6])[N:35]([C:49]([C:14](=[O:4])[N:34]([C:48]([C:13](=[O:3])[N:36]([C:50]([C:15](=[O:5])[N:32]([C:42]([H:83])([H:84])[H:85])[H:68])([C:46]([c:30]1[c:26]([H:64])[c:22]([H:60])[c:28]([O:9][H:56])[c:23]([H:61])[c:27]1[H:65])([H:92])[H:93])[H:98])[H:72])([C:44]([C:12](=[O:2])[O-:8])([H:88])[H:89])[H:96])[H:70])([C:45]([c:29]1[c:24]([H:62])[c:20]([H:58])[c:19]([H:57])[c:21]([H:59])[c:25]1[H:63])([H:90])[H:91])[H:97])[H:71])([C:53]([C:43]([S:10][C:40]([H:77])([H:78])[H:79])([H:86])[H:87])([H:101])[H:102])[H:99])[H:73])([C:55]([C:54]([C:47]([N:33]([C:18]([N:31]([H:66])[H:67])=[N+:39]([H:75])[H:76])[H:69])([H:94])[H:95])([H:103])[H:104])([H:105])[H:106])[H:100])[H:74])[C:41]([H:80])([H:81])[H:82],106,test-dataset.hdf5
test,ARG-THR-ASN-SER-THR,[O:1]=[C:11]([N:25]([C:38]([C:15](=[O:5])[N:27]([C:40]([C:17](=[O:7])[N:24]([C:37]([C:14](=[O:4])[N:23]([C:36]([C:13](=[O:3])[N:26]([C:39]([C:16](=[O:6])[N:21]([C:30]([H:64])([H:65])[H:66])[H:52])([C:43]([O:9][H:46])([C:31]([H:67])([H:68])[H:69])[H:88])[H:82])[H:57])([C:33]([O:8][H:45])([H:73])[H:74])[H:79])[H:54])([C:34]([C:12](=[O:2])[N:19]([H:48])[H:49])([H:75])[H:76])[H:80])[H:55])([C:44]([O:10][H:47])([C:32]([H:70])([H:71])[H:72])[H:89])[H:83])[H:58])([C:42]([C:41]([C:35]([N:22]([C:18]([N:20]([H:50])[H:51])=[N+:28]([H:59])[H:60])[H:53])([H:77])[H:78])([H:84])[H:85])([H:86])[H:87])[H:81])[H:56])[C:29]([H:61])([H:62])[H:63],89,test-dataset.hdf5
test,ASN-ASN-HIS-PHE-PHE,[O:1]=[C:10]([N:37]([C:49]([C:13](=[O:4])[N:38]([C:50]([C:14](=[O:5])[N:39]([C:51]([C:15](=[O:6])[N:41]([C:53]([C:17](=[O:8])[N:40]([C:52]([C:16](=[O:7])[N:36]([C:43]([H:80])([H:81])[H:82])[H:71])([C:47]([c:31]1[c:27]([H:62])[c:23]([H:58])[c:21]([H:56])[c:24]([H:59])[c:28]1[H:63])([H:89])[H:90])[H:96])[H:75])([C:48]([c:32]1[c:29]([H:64])[c:25]([H:60])[c:22]([H:57])[c:26]([H:61])[c:30]1[H:65])([H:91])[H:92])[H:97])[H:76])([C:46]([C:20]1=[C:19]([H:55])[N:9]=[C:18]([H:54])[N:35]1[H:70])([H:87])[H:88])[H:95])[H:74])([C:45]([C:12](=[O:3])[N:34]([H:68])[H:69])([H:85])[H:86])[H:94])[H:73])([C:44]([C:11](=[O:2])[N:33]([H:66])[H:67])([H:83])[H:84])[H:93])[H:72])[C:42]([H:77])([H:78])[H:79],97,test-dataset.hdf5
test,ASN-GLN-ARG-SER-ILE,[O:1]=[C:10]([N:25]([C:39]([C:14](=[O:5])[N:26]([C:40]([C:15](=[O:6])[N:27]([C:41]([C:16](=[O:7])[N:24]([C:38]([C:13](=[O:4])[N:28]([C:42]([C:17](=[O:8])[N:22]([C:31]([H:67])([H:68])[H:69])[H:55])([C:47]([C:33]([H:73])([H:74])[H:75])([C:46]([C:32]([H:70])([H:71])[H:72])([H:95])[H:96])[H:97])[H:88])[H:61])([C:34]([O:9][H:48])([H:76])[H:77])[H:84])[H:57])([C:45]([C:44]([C:37]([N:23]([C:18]([N:21]([H:53])[H:54])=[N+:29]([H:62])[H:63])[H:56])([H:82])[H:83])([H:91])[H:92])([H:93])[H:94])[H:87])[H:60])([C:43]([C:36]([C:12](=[O:3])[N:20]([H:51])[H:52])([H:80])[H:81])([H:89])[H:90])[H:86])[H:59])([C:35]([C:11](=[O:2])[N:19]([H:49])[H:50])([H:78])[H:79])[H:85])[H:58])[C:30]([H:64])([H:65])[H:66],97,test-dataset.hdf5
test,ASN-HIS-ASP-HIS-CYS,[O:1]=[C:13]([N:34]([C:46]([C:19](=[O:7])[N:35]([C:47]([C:20](=[O:8])[N:33]([C:45]([C:18](=[O:6])[N:32]([C:44]([C:17](=[O:5])[N:31]([C:43]([C:16](=[O:4])[N:30]([C:37]([H:66])([H:67])[H:68])[H:57])([C:38]([S:12][H:48])([H:69])[H:70])[H:79])[H:58])([C:39]([C:25]1=[C:23]([H:51])[N:10]=[C:21]([H:49])[N:28]1[H:55])([H:71])[H:72])[H:80])[H:59])([C:40]([C:14](=[O:2])[O-:9])([H:73])[H:74])[H:81])[H:60])([C:42]([C:26]1=[C:24]([H:52])[N:11]=[C:22]([H:50])[N:29]1[H:56])([H:77])[H:78])[H:83])[H:62])([C:41]([C:15](=[O:3])[N:27]([H:53])[H:54])([H:75])[H:76])[H:82])[H:61])[C:36]([H:63])([H:64])[H:65],83,test-dataset.hdf5
test,ASN-HIS-ILE-SER-ASN,[O:1]=[C:11]([N:28]([C:41]([C:16](=[O:6])[N:29]([C:42]([C:17](=[O:7])[N:30]([C:43]([C:18](=[O:8])[N:26]([C:39]([C:14](=[O:4])[N:27]([C:40]([C:15](=[O:5])[N:25]([C:32]([H:63])([H:64])[H:65])[H:54])([C:36]([C:12](=[O:2])[N:22]([H:49])[H:50])([H:74])[H:75])[H:81])[H:56])([C:35]([O:10][H:46])([H:72])[H:73])[H:80])[H:55])([C:45]([C:34]([H:69])([H:70])[H:71])([C:44]([C:33]([H:66])([H:67])[H:68])([H:85])[H:86])[H:87])[H:84])[H:59])([C:38]([C:21]1=[C:20]([H:48])[N:9]=[C:19]([H:47])[N:24]1[H:53])([H:78])[H:79])[H:83])[H:58])([C:37]([C:13](=[O:3])[N:23]([H:51])[H:52])([H:76])[H:77])[H:82])[H:57])[C:31]([H:60])([H:61])[H:62],87,test-dataset.hdf5
test,ASN-HIS-PHE-PHE-ALA,[O:1]=[C:9]([N:35]([C:47]([C:12](=[O:4])[N:36]([C:48]([C:13](=[O:5])[N:38]([C:50]([C:15](=[O:7])[N:37]([C:49]([C:14](=[O:6])[N:34]([C:46]([C:11](=[O:3])[N:33]([C:40]([H:75])([H:76])[H:77])[H:66])([C:41]([H:78])([H:79])[H:80])[H:89])[H:67])([C:44]([c:29]1[c:25]([H:59])[c:21]([H:55])[c:19]([H:53])[c:22]([H:56])[c:26]1[H:60])([H:85])[H:86])[H:92])[H:70])([C:45]([c:30]1[c:27]([H:61])[c:23]([H:57])[c:20]([H:54])[c:24]([H:58])[c:28]1[H:62])([H:87])[H:88])[H:93])[H:71])([C:43]([C:18]1=[C:17]([H:52])[N:8]=[C:16]([H:51])[N:32]1[H:65])([H:83])[H:84])[H:91])[H:69])([C:42]([C:10](=[O:2])[N:31]([H:63])[H:64])([H:81])[H:82])[H:90])[H:68])[C:39]([H:72])([H:73])[H:74],93,test-dataset.hdf5
test,ASN-HIS-TRP-PHE-GLN,[O:1]=[C:10]([N:40]([C:52]([C:13](=[O:4])[N:41]([C:53]([C:14](=[O:5])[N:42]([C:54]([C:15](=[O:6])[N:43]([C:55]([C:16](=[O:7])[N:44]([C:56]([C:17](=[O:8])[N:39]([C:46]([H:85])([H:86])[H:87])[H:76])([C:57]([C:50]([C:12](=[O:3])[N:36]([H:72])[H:73])([H:94])[H:95])([H:103])[H:104])[H:102])[H:81])([C:51]([c:34]1[c:30]([H:68])[c:26]([H:64])[c:23]([H:61])[c:27]([H:65])[c:31]1[H:69])([H:96])[H:97])[H:101])[H:80])([C:49]([C:21]1=[C:20]([H:60])[N:38]([H:75])[c:33]2[c:29]([H:67])[c:25]([H:63])[c:24]([H:62])[c:28]([H:66])[c:32]21)([H:92])[H:93])[H:100])[H:79])([C:48]([C:22]1=[C:19]([H:59])[N:9]=[C:18]([H:58])[N:37]1[H:74])([H:90])[H:91])[H:99])[H:78])([C:47]([C:11](=[O:2])[N:35]([H:70])[H:71])([H:88])[H:89])[H:98])[H:77])[C:45]([H:82])([H:83])[H:84],104,test-dataset.hdf5
test,ASN-ILE-ASP-PRO-ALA,[O:1]=[C:10]([N:22]([C:35]([C:15](=[O:6])[N:24]([C:37]([C:17](=[O:8])[N:21]([C:34]([C:14](=[O:5])[N:23]1[C:32]([H:68])([H:69])[C:38]([H:75])([H:76])[C:39]([H:77])([H:78])[C:36]1([C:16](=[O:7])[N:20]([C:33]([C:13](=[O:4])[N:19]([C:26]([H:52])([H:53])[H:54])[H:44])([C:27]([H:55])([H:56])[H:57])[H:70])[H:45])[H:73])([C:30]([C:11](=[O:2])[O-:9])([H:64])[H:65])[H:71])[H:46])([C:41]([C:29]([H:61])([H:62])[H:63])([C:40]([C:28]([H:58])([H:59])[H:60])([H:79])[H:80])[H:81])[H:74])[H:48])([C:31]([C:12](=[O:3])[N:18]([H:42])[H:43])([H:66])[H:67])[H:72])[H:47])[C:25]([H:49])([H:50])[H:51],81,test-dataset.hdf5
test,ASN-LYS-GLU-LEU-MET,[O:1]=[C:11]([N:21]([C:34]([C:14](=[O:4])[N:24]([C:37]([C:17](=[O:7])[N:23]([C:36]([C:16](=[O:6])[N:25]([C:38]([C:18](=[O:8])[N:22]([C:35]([C:15](=[O:5])[N:20]([C:28]([H:62])([H:63])[H:64])[H:50])([C:39]([C:31]([S:10][C:26]([H:56])([H:57])[H:58])([H:71])[H:72])([H:82])[H:83])[H:78])[H:52])([C:43]([C:45]([C:29]([H:65])([H:66])[H:67])([C:30]([H:68])([H:69])[H:70])[H:94])([H:90])[H:91])[H:81])[H:55])([C:40]([C:33]([C:13](=[O:3])[O-:9])([H:75])[H:76])([H:84])[H:85])[H:79])[H:53])([C:41]([C:42]([C:44]([C:46]([N+:47]([H:97])([H:98])[H:99])([H:95])[H:96])([H:92])[H:93])([H:88])[H:89])([H:86])[H:87])[H:80])[H:54])([C:32]([C:12](=[O:2])[N:19]([H:48])[H:49])([H:73])[H:74])[H:77])[H:51])[C:27]([H:59])([H:60])[H:61],99,test-dataset.hdf5
test,ASN-MET-MET-ALA-LEU,[O:1]=[C:10]([N:20]([C:35]([C:13](=[O:4])[N:22]([C:37]([C:15](=[O:6])[N:21]([C:36]([C:14](=[O:5])[N:19]([C:34]([C:12](=[O:3])[N:23]([C:38]([C:16](=[O:7])[N:18]([C:27]([H:60])([H:61])[H:62])[H:45])([C:41]([C:42]([C:29]([H:66])([H:67])[H:68])([C:30]([H:69])([H:70])[H:71])[H:89])([H:87])[H:88])[H:82])[H:50])([C:28]([H:63])([H:64])[H:65])[H:78])[H:46])([C:39]([C:31]([S:8][C:24]([H:51])([H:52])[H:53])([H:72])[H:73])([H:83])[H:84])[H:80])[H:48])([C:40]([C:32]([S:9][C:25]([H:54])([H:55])[H:56])([H:74])[H:75])([H:85])[H:86])[H:81])[H:49])([C:33]([C:11](=[O:2])[N:17]([H:43])[H:44])([H:76])[H:77])[H:79])[H:47])[C:26]([H:57])([H:58])[H:59],89,test-dataset.hdf5
test,ASN-VAL-TRP-ALA-ASN,[O:1]=[C:9]([N:32]([C:45]([C:15](=[O:7])[N:33]([C:46]([C:16](=[O:8])[N:31]([C:44]([C:14](=[O:6])[N:29]([C:42]([C:12](=[O:4])[N:30]([C:43]([C:13](=[O:5])[N:28]([C:35]([H:67])([H:68])[H:69])[H:58])([C:39]([C:10](=[O:2])[N:25]([H:53])[H:54])([H:79])[H:80])[H:86])[H:60])([C:36]([H:70])([H:71])[H:72])[H:85])[H:59])([C:40]([C:18]1=[C:17]([H:48])[N:27]([H:57])[c:24]2[c:22]([H:52])[c:20]([H:50])[c:19]([H:49])[c:21]([H:51])[c:23]21)([H:81])[H:82])[H:87])[H:61])([C:47]([C:37]([H:73])([H:74])[H:75])([C:38]([H:76])([H:77])[H:78])[H:90])[H:89])[H:63])([C:41]([C:11](=[O:3])[N:26]([H:55])[H:56])([H:83])[H:84])[H:88])[H:62])[C:34]([H:64])([H:65])[H:66],90,test-dataset.hdf5
test,ASP-ALA-PHE-ASP-VAL,[O:1]=[C:11]([N:27]([C:40]([C:15](=[O:5])[N:26]([C:39]([C:14](=[O:4])[N:29]([C:42]([C:17](=[O:7])[N:28]([C:41]([C:16](=[O:6])[N:30]([C:43]([C:18](=[O:8])[N:25]([C:32]([H:59])([H:60])[H:61])[H:50])([C:44]([C:34]([H:65])([H:66])[H:67])([C:35]([H:68])([H:69])[H:70])[H:82])[H:81])[H:55])([C:37]([C:13](=[O:3])[O-:10])([H:73])[H:74])[H:79])[H:53])([C:38]([c:24]1[c:22]([H:48])[c:20]([H:46])[c:19]([H:45])[c:21]([H:47])[c:23]1[H:49])([H:75])[H:76])[H:80])[H:54])([C:33]([H:62])([H:63])[H:64])[H:77])[H:51])([C:36]([C:12](=[O:2])[O-:9])([H:71])[H:72])[H:78])[H:52])[C:31]([H:56])([H:57])[H:58],82,test-dataset.hdf5
test,ASP-ALA-TRP-VAL-HIS,[O:1]=[C:10]([N:33]([C:46]([C:14](=[O:5])[N:31]([C:44]([C:12](=[O:3])[N:34]([C:47]([C:15](=[O:6])[N:35]([C:48]([C:16](=[O:7])[N:32]([C:45]([C:13](=[O:4])[N:30]([C:37]([H:68])([H:69])[H:70])[H:59])([C:41]([C:21]1=[C:18]([H:51])[N:9]=[C:17]([H:50])[N:28]1[H:57])([H:80])[H:81])[H:87])[H:61])([C:49]([C:39]([H:74])([H:75])[H:76])([C:40]([H:77])([H:78])[H:79])[H:91])[H:90])[H:64])([C:43]([C:20]1=[C:19]([H:52])[N:29]([H:58])[c:27]2[c:25]([H:56])[c:23]([H:54])[c:22]([H:53])[c:24]([H:55])[c:26]21)([H:84])[H:85])[H:89])[H:63])([C:38]([H:71])([H:72])[H:73])[H:86])[H:60])([C:42]([C:11](=[O:2])[O-:8])([H:82])[H:83])[H:88])[H:62])[C:36]([H:65])([H:66])[H:67],91,test-dataset.hdf5
test,ASP-LEU-HIS-GLU-ARG,[O:1]=[C:12]([N:29]([C:43]([C:16](=[O:5])[N:32]([C:46]([C:19](=[O:8])[N:28]([C:42]([C:15](=[O:4])[N:30]([C:44]([C:17](=[O:6])[N:31]([C:45]([C:18](=[O:7])[N:26]([C:35]([H:69])([H:70])[H:71])[H:57])([C:49]([C:48]([C:41]([N:27]([C:23]([N:24]([H:54])[H:55])=[N+:33]([H:64])[H:65])[H:58])([H:84])[H:85])([H:93])[H:94])([H:95])[H:96])[H:89])[H:62])([C:47]([C:40]([C:14](=[O:3])[O-:10])([H:82])[H:83])([H:91])[H:92])[H:88])[H:61])([C:38]([C:22]1=[C:21]([H:53])[N:11]=[C:20]([H:52])[N:25]1[H:56])([H:78])[H:79])[H:86])[H:59])([C:50]([C:51]([C:36]([H:72])([H:73])[H:74])([C:37]([H:75])([H:76])[H:77])[H:99])([H:97])[H:98])[H:90])[H:63])([C:39]([C:13](=[O:2])[O-:9])([H:80])[H:81])[H:87])[H:60])[C:34]([H:66])([H:67])[H:68],99,test-dataset.hdf5
test,ASP-LEU-TYR-THR-GLN,[O:1]=[C:12]([N:28]([C:41]([C:15](=[O:4])[N:31]([C:44]([C:18](=[O:7])[N:29]([C:42]([C:16](=[O:5])[N:32]([C:45]([C:19](=[O:8])[N:30]([C:43]([C:17](=[O:6])[N:27]([C:34]([H:67])([H:68])[H:69])[H:58])([C:46]([C:39]([C:14](=[O:3])[N:26]([H:56])[H:57])([H:81])[H:82])([H:90])[H:91])[H:87])[H:61])([C:48]([O:11][H:51])([C:35]([H:70])([H:71])[H:72])[H:94])[H:89])[H:63])([C:40]([c:25]1[c:22]([H:54])[c:20]([H:52])[c:24]([O:10][H:50])[c:21]([H:53])[c:23]1[H:55])([H:83])[H:84])[H:86])[H:60])([C:47]([C:49]([C:36]([H:73])([H:74])[H:75])([C:37]([H:76])([H:77])[H:78])[H:95])([H:92])[H:93])[H:88])[H:62])([C:38]([C:13](=[O:2])[O-:9])([H:79])[H:80])[H:85])[H:59])[C:33]([H:64])([H:65])[H:66],95,test-dataset.hdf5
test,ASP-MET-LEU-CYS-VAL,[O:1]=[C:11]([N:20]([C:35]([C:14](=[O:4])[N:21]([C:36]([C:15](=[O:5])[N:22]([C:37]([C:16](=[O:6])[N:19]([C:34]([C:13](=[O:3])[N:23]([C:38]([C:17](=[O:7])[N:18]([C:26]([H:56])([H:57])[H:58])[H:44])([C:41]([C:27]([H:59])([H:60])[H:61])([C:28]([H:62])([H:63])[H:64])[H:86])[H:81])[H:49])([C:31]([S:9][H:43])([H:71])[H:72])[H:77])[H:45])([C:40]([C:42]([C:29]([H:65])([H:66])[H:67])([C:30]([H:68])([H:69])[H:70])[H:87])([H:84])[H:85])[H:80])[H:48])([C:39]([C:32]([S:10][C:24]([H:50])([H:51])[H:52])([H:73])[H:74])([H:82])[H:83])[H:79])[H:47])([C:33]([C:12](=[O:2])[O-:8])([H:75])[H:76])[H:78])[H:46])[C:25]([H:53])([H:54])[H:55],87,test-dataset.hdf5
test,ASP-MET-THR-CYS-ASN,[O:1]=[C:13]([N:25]([C:38]([C:18](=[O:6])[N:26]([C:39]([C:19](=[O:7])[N:27]([C:40]([C:20](=[O:8])[N:23]([C:36]([C:16](=[O:4])[N:24]([C:37]([C:17](=[O:5])[N:22]([C:30]([H:59])([H:60])[H:61])[H:47])([C:34]([C:15](=[O:3])[N:21]([H:45])[H:46])([H:69])[H:70])[H:74])[H:49])([C:32]([S:11][H:44])([H:65])[H:66])[H:73])[H:48])([C:42]([O:10][H:43])([C:31]([H:62])([H:63])[H:64])[H:80])[H:77])[H:52])([C:41]([C:33]([S:12][C:28]([H:53])([H:54])[H:55])([H:67])[H:68])([H:78])[H:79])[H:76])[H:51])([C:35]([C:14](=[O:2])[O-:9])([H:71])[H:72])[H:75])[H:50])[C:29]([H:56])([H:57])[H:58],80,test-dataset.hdf5
test,ASP-MET-TRP-PRO-GLN,[O:1]=[C:11]([N:30]([C:43]([C:14](=[O:4])[N:32]([C:45]([C:16](=[O:6])[N:31]([C:44]([C:15](=[O:5])[N:34]1[C:42]([H:82])([H:83])[C:50]([H:93])([H:94])[C:51]([H:95])([H:96])[C:47]1([C:18](=[O:8])[N:33]([C:46]([C:17](=[O:7])[N:29]([C:37]([H:71])([H:72])[H:73])[H:60])([C:49]([C:41]([C:13](=[O:3])[N:27]([H:57])[H:58])([H:80])[H:81])([H:91])[H:92])[H:87])[H:64])[H:88])([C:40]([C:20]1=[C:19]([H:52])[N:28]([H:59])[c:26]2[c:24]([H:56])[c:22]([H:54])[c:21]([H:53])[c:23]([H:55])[c:25]21)([H:78])[H:79])[H:85])[H:62])([C:48]([C:38]([S:10][C:35]([H:65])([H:66])[H:67])([H:74])[H:75])([H:89])[H:90])[H:86])[H:63])([C:39]([C:12](=[O:2])[O-:9])([H:76])[H:77])[H:84])[H:61])[C:36]([H:68])([H:69])[H:70],96,test-dataset.hdf5
test,ASP-PRO-GLN-ILE-THR,[O:1]=[C:11]([N:21]([C:34]([C:14](=[O:4])[N:23]1[C:33]([H:72])([H:73])[C:40]([H:81])([H:82])[C:41]([H:83])([H:84])[C:36]1([C:16](=[O:6])[N:22]([C:35]([C:15](=[O:5])[N:25]([C:38]([C:18](=[O:8])[N:24]([C:37]([C:17](=[O:7])[N:20]([C:27]([H:56])([H:57])[H:58])[H:48])([C:43]([O:10][H:45])([C:29]([H:62])([H:63])[H:64])[H:87])[H:77])[H:51])([C:44]([C:30]([H:65])([H:66])[H:67])([C:42]([C:28]([H:59])([H:60])[H:61])([H:85])[H:86])[H:88])[H:78])[H:52])([C:39]([C:32]([C:13](=[O:3])[N:19]([H:46])[H:47])([H:70])[H:71])([H:79])[H:80])[H:75])[H:50])[H:76])([C:31]([C:12](=[O:2])[O-:9])([H:68])[H:69])[H:74])[H:49])[C:26]([H:53])([H:54])[H:55],88,test-dataset.hdf5
test,ASP-PRO-LEU-ILE-LEU,[O:1]=[C:9]([N:17]([C:32]([C:11](=[O:3])[N:18]1[C:31]([H:76])([H:77])[C:37]([H:83])([H:84])[C:38]([H:85])([H:86])[C:33]1([C:12](=[O:4])[N:20]([C:35]([C:14](=[O:6])[N:21]([C:36]([C:15](=[O:7])[N:19]([C:34]([C:13](=[O:5])[N:16]([C:23]([H:53])([H:54])[H:55])[H:45])([C:39]([C:42]([C:25]([H:59])([H:60])[H:61])([C:26]([H:62])([H:63])[H:64])[H:93])([H:87])[H:88])[H:80])[H:47])([C:44]([C:29]([H:71])([H:72])[H:73])([C:41]([C:24]([H:56])([H:57])[H:58])([H:91])[H:92])[H:95])[H:82])[H:49])([C:40]([C:43]([C:27]([H:65])([H:66])[H:67])([C:28]([H:68])([H:69])[H:70])[H:94])([H:89])[H:90])[H:81])[H:48])[H:79])([C:30]([C:10](=[O:2])[O-:8])([H:74])[H:75])[H:78])[H:46])[C:22]([H:50])([H:51])[H:52],95,test-dataset.hdf5
