subset,mol_id,smiles,num_atoms,source_file
dipeptides,ALA-ALA,[O:1]=[C:4]([N:9]([C@@:15]([C:6](=[O:3])[N:8]([C@@:14]([C:5](=[O:2])[N:7]([C:11]([H:22])([H:23])[H:24])[H:16])([C:12]([H:25])([H:26])[H:27])[H:31])[H:17])([C:13]([H:28])([H:29])[H:30])[H:32])[H:18])[C:10]([H:19])([H:20])[H:21],32,dipeptides.hdf5
dipeptides,ALA-ARG,[O:1]=[C:4]([N:11]([C@@:20]([C:5](=[O:2])[N:12]([C@@:21]([C:6](=[O:3])[N:9]([C:15]([H:33])([H:34])[H:35])[H:24])([C:19]([C:17]([C:16]([N:10]([C:7]([N:8]([H:22])[H:23])=[N+:13]([H:28])[H:29])[H:25])([H:36])[H:37])([H:38])[H:39])([H:43])[H:44])[H:46])[H:27])([C:18]([H:40])([H:41])[H:42])[H:45])[H:26])[C:14]([H:30])([H:31])[H:32],46,dipeptides.hdf5
dipeptides,ALA-ASH,[O:1]=[C:6]([N:11]([C@@:17]([C:8](=[O:3])[N:12]([C@@:18]([C:9](=[O:4])[N:10]([C:14]([H:26])([H:27])[H:28])[H:20])([C:16]([C:7](=[O:2])[O:5][H:19])([H:32])[H:33])[H:35])[H:22])([C:15]([H:29])([H:30])[H:31])[H:34])[H:21])[C:13]([H:23])([H:24])[H:25],35,dipeptides.hdf5
dipeptides,ALA-ASN,[O:1]=[C:5]([N:11]([C@@:17]([C:7](=[O:3])[N:12]([C@@:18]([C:8](=[O:4])[N:10]([C:14]([H:27])([H:28])[H:29])[H:21])([C:16]([C:6](=[O:2])[N:9]([H:19])[H:20])([H:33])[H:34])[H:36])[H:23])([C:15]([H:30])([H:31])[H:32])[H:35])[H:22])[C:13]([H:24])([H:25])[H:26],36,dipeptides.hdf5
dipeptides,ALA-ASP,[O:1]=[C:6]([N:11]([C@@:17]([C:8](=[O:3])[N:12]([C@@:18]([C:9](=[O:4])[N:10]([C:14]([H:25])([H:26])[H:27])[H:19])([C:16]([C:7](=[O:2])[O-:5])([H:31])[H:32])[H:34])[H:21])([C:15]([H:28])([H:29])[H:30])[H:33])[H:20])[C:13]([H:22])([H:23])[H:24],34,dipeptides.hdf5
dipeptides,ALA-CYS,[O:1]=[C:5]([N:9]([C@@:15]([C:6](=[O:2])[N:10]([C@:16]([C:7](=[O:3])[N:8]([C:12]([H:24])([H:25])[H:26])[H:18])([C:14]([S:4][H:17])([H:30])[H:31])[H:33])[H:20])([C:13]([H:27])([H:28])[H:29])[H:32])[H:19])[C:11]([H:21])([H:22])[H:23],33,dipeptides.hdf5
dipeptides,ALA-CYX,[O:1]=[C:5]([N:9]([C@@:15]([C:6](=[O:2])[N:10]([C@:16]([C:7](=[O:3])[N:8]([C:12]([H:23])([H:24])[H:25])[H:17])([C:14]([S-:4])([H:29])[H:30])[H:32])[H:19])([C:13]([H:26])([H:27])[H:28])[H:31])[H:18])[C:11]([H:20])([H:21])[H:22],32,dipeptides.hdf5
dipeptides,ALA-GLH,[O:1]=[C:6]([N:11]([C@@:18]([C:8](=[O:3])[N:12]([C@@:19]([C:9](=[O:4])[N:10]([C:14]([H:27])([H:28])[H:29])[H:21])([C:17]([C:15]([C:7](=[O:2])[O:5][H:20])([H:30])[H:31])([H:35])[H:36])[H:38])[H:23])([C:16]([H:32])([H:33])[H:34])[H:37])[H:22])[C:13]([H:24])([H:25])[H:26],38,dipeptides.hdf5
dipeptides,ALA-GLN,[O:1]=[C:5]([N:11]([C@@:18]([C:7](=[O:3])[N:12]([C@@:19]([C:8](=[O:4])[N:10]([C:14]([H:28])([H:29])[H:30])[H:22])([C:17]([C:15]([C:6](=[O:2])[N:9]([H:20])[H:21])([H:31])[H:32])([H:36])[H:37])[H:39])[H:24])([C:16]([H:33])([H:34])[H:35])[H:38])[H:23])[C:13]([H:25])([H:26])[H:27],39,dipeptides.hdf5
dipeptides,ALA-GLU,[O:1]=[C:6]([N:11]([C@@:18]([C:8](=[O:3])[N:12]([C@@:19]([C:9](=[O:4])[N:10]([C:14]([H:26])([H:27])[H:28])[H:20])([C:17]([C:15]([C:7](=[O:2])[O-:5])([H:29])[H:30])([H:34])[H:35])[H:37])[H:22])([C:16]([H:31])([H:32])[H:33])[H:36])[H:21])[C:13]([H:23])([H:24])[H:25],37,dipeptides.hdf5
dipeptides,ALA-GLY,[O:1]=[C:4]([N:9]([C@@:14]([C:6](=[O:3])[N:8]([C:12]([C:5](=[O:2])[N:7]([C:11]([H:21])([H:22])[H:23])[H:15])([H:24])[H:25])[H:16])([C:13]([H:26])([H:27])[H:28])[H:29])[H:17])[C:10]([H:18])([H:19])[H:20],29,dipeptides.hdf5
dipeptides,ALA-HID,[O:1]=[C:5]([N:13]([C@@:19]([C:6](=[O:2])[N:14]([C@@:20]([C:7](=[O:3])[N:12]([C:16]([H:30])([H:31])[H:32])[H:24])([C:18]([C:10]1=[C:9]([H:22])[N:4]=[C:8]([H:21])[N:11]1[H:23])([H:36])[H:37])[H:39])[H:26])([C:17]([H:33])([H:34])[H:35])[H:38])[H:25])[C:15]([H:27])([H:28])[H:29],39,dipeptides.hdf5
dipeptides,ALA-HIE,[O:1]=[C:5]([N:13]([C@@:19]([C:6](=[O:2])[N:14]([C@@:20]([C:7](=[O:3])[N:12]([C:16]([H:30])([H:31])[H:32])[H:24])([C:18]([C:10]1=[C:9]([H:22])[N:11]([H:23])[C:8]([H:21])=[N:4]1)([H:36])[H:37])[H:39])[H:26])([C:17]([H:33])([H:34])[H:35])[H:38])[H:25])[C:15]([H:27])([H:28])[H:29],39,dipeptides.hdf5
dipeptides,ALA-HIP,[O:1]=[C:4]([N:12]([C@@:19]([C:5](=[O:2])[N:13]([C@@:20]([C:6](=[O:3])[N:11]([C:16]([H:31])([H:32])[H:33])[H:24])([C:18]([C:8]1=[C:7]([H:21])[N:10]([H:23])[C:9]([H:22])=[N+:14]1[H:27])([H:37])[H:38])[H:40])[H:26])([C:17]([H:34])([H:35])[H:36])[H:39])[H:25])[C:15]([H:28])([H:29])[H:30],40,dipeptides.hdf5
dipeptides,ALA-ILE,[O:1]=[C:4]([N:8]([C@@:16]([C:5](=[O:2])[N:9]([C@@:17]([C:6](=[O:3])[N:7]([C:11]([H:25])([H:26])[H:27])[H:19])([C@:18]([C:14]([H:34])([H:35])[H:36])([C:15]([C:12]([H:28])([H:29])[H:30])([H:37])[H:38])[H:41])[H:40])[H:21])([C:13]([H:31])([H:32])[H:33])[H:39])[H:20])[C:10]([H:22])([H:23])[H:24],41,dipeptides.hdf5
dipeptides,ALA-LEU,[O:1]=[C:4]([N:8]([C@@:17]([C:5](=[O:2])[N:9]([C@@:18]([C:6](=[O:3])[N:7]([C:11]([H:25])([H:26])[H:27])[H:19])([C:16]([C:14]([C:12]([H:28])([H:29])[H:30])([C:13]([H:31])([H:32])[H:33])[H:34])([H:38])[H:39])[H:41])[H:21])([C:15]([H:35])([H:36])[H:37])[H:40])[H:20])[C:10]([H:22])([H:23])[H:24],41,dipeptides.hdf5
dipeptides,ALA-LYN,[O:1]=[C:4]([N:9]([C@@:18]([C:5](=[O:2])[N:10]([C@@:19]([C:6](=[O:3])[N:7]([C:12]([H:28])([H:29])[H:30])[H:20])([C:17]([C:15]([C:14]([C:13]([N:8]([H:21])[H:22])([H:31])[H:32])([H:33])[H:34])([H:35])[H:36])([H:40])[H:41])[H:43])[H:24])([C:16]([H:37])([H:38])[H:39])[H:42])[H:23])[C:11]([H:25])([H:26])[H:27],43,dipeptides.hdf5
dipeptides,ALA-LYS,[O:1]=[C:4]([N:8]([C@@:17]([C:5](=[O:2])[N:9]([C@@:18]([C:6](=[O:3])[N:7]([C:11]([H:26])([H:27])[H:28])[H:20])([C:15]([C:12]([C:13]([C:16]([N+:19]([H:42])([H:43])[H:44])([H:38])[H:39])([H:31])[H:32])([H:29])[H:30])([H:36])[H:37])[H:41])[H:22])([C:14]([H:33])([H:34])[H:35])[H:40])[H:21])[C:10]([H:23])([H:24])[H:25],44,dipeptides.hdf5
dipeptides,ALA-MET,[O:1]=[C:5]([N:9]([C@@:17]([C:6](=[O:2])[N:10]([C@@:18]([C:7](=[O:3])[N:8]([C:13]([H:28])([H:29])[H:30])[H:19])([C:16]([C:14]([S:4][C:11]([H:22])([H:23])[H:24])([H:31])[H:32])([H:36])[H:37])[H:39])[H:21])([C:15]([H:33])([H:34])[H:35])[H:38])[H:20])[C:12]([H:25])([H:26])[H:27],39,dipeptides.hdf5
dipeptides,ALA-PHE,[O:1]=[C:4]([N:14]([C@@:20]([C:5](=[O:2])[N:15]([C@@:21]([C:6](=[O:3])[N:13]([C:17]([H:33])([H:34])[H:35])[H:27])([C:19]([c:12]1[c:10]([H:25])[c:8]([H:23])[c:7]([H:22])[c:9]([H:24])[c:11]1[H:26])([H:39])[H:40])[H:42])[H:29])([C:18]([H:36])([H:37])[H:38])[H:41])[H:28])[C:16]([H:30])([H:31])[H:32],42,dipeptides.hdf5
dipeptides,ALA-PRO,[O:1]=[C:4]([N:8]([C@@:16]([C:5](=[O:2])[N:9]1[C:12]([H:26])([H:27])[C:13]([H:28])([H:29])[C:15]([H:33])([H:34])[C@@:17]1([C:6](=[O:3])[N:7]([C:11]([H:23])([H:24])[H:25])[H:18])[H:36])([C:14]([H:30])([H:31])[H:32])[H:35])[H:19])[C:10]([H:20])([H:21])[H:22],36,dipeptides.hdf5
dipeptides,ALA-SER,[O:1]=[C:5]([N:9]([C@@:15]([C:6](=[O:2])[N:10]([C@@:16]([C:7](=[O:3])[N:8]([C:12]([H:24])([H:25])[H:26])[H:18])([C:14]([O:4][H:17])([H:30])[H:31])[H:33])[H:20])([C:13]([H:27])([H:28])[H:29])[H:32])[H:19])[C:11]([H:21])([H:22])[H:23],33,dipeptides.hdf5
dipeptides,ALA-THR,[O:1]=[C:5]([N:9]([C@@:15]([C:6](=[O:2])[N:10]([C@@:16]([C:7](=[O:3])[N:8]([C:12]([H:25])([H:26])[H:27])[H:19])([C@:17]([O:4][H:18])([C:14]([H:31])([H:32])[H:33])[H:36])[H:35])[H:21])([C:13]([H:28])([H:29])[H:30])[H:34])[H:20])[C:11]([H:22])([H:23])[H:24],36,dipeptides.hdf5
dipeptides,ALA-TRP,[O:1]=[C:4]([N:17]([C@@:23]([C:5](=[O:2])[N:18]([C@@:24]([C:6](=[O:3])[N:16]([C:20]([H:37])([H:38])[H:39])[H:31])([C:22]([C:8]1=[C:7]([H:25])[N:15]([H:30])[c:14]2[c:12]([H:29])[c:10]([H:27])[c:9]([H:26])[c:11]([H:28])[c:13]21)([H:43])[H:44])[H:46])[H:33])([C:21]([H:40])([H:41])[H:42])[H:45])[H:32])[C:19]([H:34])([H:35])[H:36],46,dipeptides.hdf5
dipeptides,ALA-TYR,[O:1]=[C:5]([N:15]([C@@:21]([C:6](=[O:2])[N:16]([C@@:22]([C:7](=[O:3])[N:14]([C:18]([H:34])([H:35])[H:36])[H:28])([C:20]([c:13]1[c:10]([H:26])[c:8]([H:24])[c:12]([O:4][H:23])[c:9]([H:25])[c:11]1[H:27])([H:40])[H:41])[H:43])[H:30])([C:19]([H:37])([H:38])[H:39])[H:42])[H:29])[C:17]([H:31])([H:32])[H:33],43,dipeptides.hdf5
dipeptides,ALA-VAL,[O:1]=[C:4]([N:8]([C@@:16]([C:5](=[O:2])[N:9]([C@@:17]([C:6](=[O:3])[N:7]([C:11]([H:24])([H:25])[H:26])[H:18])([C:15]([C:12]([H:27])([H:28])[H:29])([C:13]([H:30])([H:31])[H:32])[H:36])[H:38])[H:20])([C:14]([H:33])([H:34])[H:35])[H:37])[H:19])[C:10]([H:21])([H:22])[H:23],38,dipeptides.hdf5
dipeptides,ARG-ALA,[O:1]=[C:4]([N:12]([C@@:21]([C:6](=[O:3])[N:11]([C@@:20]([C:5](=[O:2])[N:9]([C:15]([H:33])([H:34])[H:35])[H:24])([C:18]([H:40])([H:41])[H:42])[H:45])[H:26])([C:19]([C:17]([C:16]([N:10]([C:7]([N:8]([H:22])[H:23])=[N+:13]([H:28])[H:29])[H:25])([H:36])[H:37])([H:38])[H:39])([H:43])[H:44])[H:46])[H:27])[C:14]([H:30])([H:31])[H:32],46,dipeptides.hdf5
dipeptides,ARG-ARG,[O:1]=[C:4]([N:15]([C@@:27]([C:6](=[O:3])[N:14]([C@@:26]([C:5](=[O:2])[N:11]([C:19]([H:44])([H:45])[H:46])[H:32])([C:24]([C:22]([C:20]([N:12]([C:7]([N:9]([H:28])[H:29])=[N+:16]([H:37])[H:38])[H:33])([H:47])[H:48])([H:51])[H:52])([H:55])[H:56])[H:59])[H:35])([C:25]([C:23]([C:21]([N:13]([C:8]([N:10]([H:30])[H:31])=[N+:17]([H:39])[H:40])[H:34])([H:49])[H:50])([H:53])[H:54])([H:57])[H:58])[H:60])[H:36])[C:18]([H:41])([H:42])[H:43],60,dipeptides.hdf5
dipeptides,ARG-ASH,[O:1]=[C:6]([N:15]([C@@:24]([C:9](=[O:4])[N:14]([C@@:23]([C:8](=[O:3])[N:12]([C:18]([H:37])([H:38])[H:39])[H:28])([C:21]([C:7](=[O:2])[O:5][H:25])([H:44])[H:45])[H:48])[H:30])([C:22]([C:20]([C:19]([N:13]([C:10]([N:11]([H:26])[H:27])=[N+:16]([H:32])[H:33])[H:29])([H:40])[H:41])([H:42])[H:43])([H:46])[H:47])[H:49])[H:31])[C:17]([H:34])([H:35])[H:36],49,dipeptides.hdf5
dipeptides,ARG-ASN,[O:1]=[C:5]([N:15]([C@@:24]([C:8](=[O:4])[N:14]([C@@:23]([C:7](=[O:3])[N:12]([C:18]([H:38])([H:39])[H:40])[H:29])([C:21]([C:6](=[O:2])[N:10]([H:25])[H:26])([H:45])[H:46])[H:49])[H:31])([C:22]([C:20]([C:19]([N:13]([C:9]([N:11]([H:27])[H:28])=[N+:16]([H:33])[H:34])[H:30])([H:41])[H:42])([H:43])[H:44])([H:47])[H:48])[H:50])[H:32])[C:17]([H:35])([H:36])[H:37],50,dipeptides.hdf5
